TITULO,AUTHOR,EDITORIAL,PRICE,CATEGORIA,DESCRIPCION,PORTADA,STADO
Odisea,Homero,Clarin,700,NULL,NULL,NULL,Usado
Odisea,Homero,"La estacion",750,NULL,NULL,NULL,"Nuevo "
"Martín Fierro","José Hernández",Clarin,700,NULL,NULL,NULL,Usado
"Hamlet - Macbeth","William Shakespeare",Clarin,750,NULL,NULL,NULL,Usado
"Hamlet ","William Shakespeare","Salim ",750,NULL,NULL,NULL,"Nuevo "
"El jugador","Fiodor Dostoyevsky",Clarin,700,NULL,NULL,NULL,"Nuevo "
Fausto,"J. W. Goethe",Clarin,700,NULL,NULL,NULL,"Nuevo "
"La metamorfosis","Franz Kafka",Clarin,700,NULL,NULL,NULL,"Nuevo "
"Narraciones extraordinarias","Edgar Allan Poe",Clarin,700,NULL,NULL,NULL,"Nuevo "
"Poemas de Amor - Alfonsina Storni","Alfonsina Storni",Salim,650,NULL,NULL,NULL,"Nuevo "
"Alicia en el pais de las maravillas","Lewis Caroll",Salim,750,NULL,NULL,NULL,"Nuevo "
"Bodas de sangre","Federico G. Lorca",Salim,600,NULL,NULL,NULL,"Nuevo "
"El diario de Adan y Eva","Mark Twain",Salim,750,NULL,NULL,NULL,"Nuevo "
"Los siete locos","Roberto Arlt",Salim,650,NULL,NULL,NULL,"Nuevo "
"Peter Pan","J. M. Barrie",Salim,750,NULL,NULL,NULL,"Nuevo "
"Cronica de una muerte anunciada","Gabriel Garcia Marquez",Sudamericana,1400,NULL,NULL,NULL,Nuevo
"Romeo y Julieta","William Shakespeare",Longseller,700,NULL,NULL,NULL,Nuevo
"Colmillo blanco","Jack London",Mestas,750,NULL,NULL,NULL,"Nuevo "
"El gato negro y otros relatos de terror","Edgar Allan Poe",Dama,550,NULL,NULL,NULL,Nuevo
"Cuentos - Robert L. Stevenson","Robert L. Stevenson",Mestas,750,NULL,NULL,NULL,"Nuevo "
"El curioso caso de Benjamin Button","F. Scott Fitzgerald","La estacion",NULL,NULL,NULL,NULL,Usado
"El extraño caso de Dr. Jekyll & Mr. Hyde","Robert L. Stevenson","La estacion",650,NULL,NULL,NULL,Usado
"Los pajaros","Alfred Hitchcock","La estacion",800,NULL,NULL,NULL,Nuevo
Frankenstein,"Mary Shelley",Fontana,650,NULL,NULL,NULL,Nuevo
"Singularidades cosmicas","H. P. Lovecraft",E.M.U,600,NULL,NULL,NULL,Nuevo
"Pesadillas y posesiones mentales","H. P. Lovecraft",E.M.U,600,NULL,NULL,NULL,Nuevo
"Zombie blanco, Berenice y otros",Antologias,E.M.U,600,NULL,NULL,NULL,Nuevo
"Los crímenes de la Rue Morgue ","Edgar Allan Poe",Dama,550,NULL,NULL,NULL,Nuevo
"Cien años de soledad","Gabriel Garcia Marquez",Sudamericana,2400,NULL,NULL,NULL,Nuevo
"Operación masacre ","Rodolfo Walsh","De la flor",1200,NULL,NULL,NULL,Nuevo
"Todos los fuegos el fuego","Julio Cortazar","Punto de Lectura",900,NULL,NULL,NULL,Nuevo
"El cuervo y otros poemas","Edgar Allan Poe",Fontana,NULL,NULL,NULL,NULL,Nuevo
"El critico como artista","Oscar Wilde",Gradifco,600,NULL,NULL,NULL,Nuevo
Frankenstein,"Mary Shelley",Terramar,700,NULL,NULL,NULL,Usado
"Los demonios","Fiodor Dostoyevsky",Libertador,600,NULL,NULL,NULL,Nuevo
"Memorias del subsuelo","Fiodor Dostoyevsky",Libertador,600,NULL,NULL,NULL,Nuevo
"Casa de muñecas","Henrik Ibsen",Libertador,600,NULL,NULL,NULL,Nuevo
"Las enseñanzas de los animales","Fabulas y cuentos",Libertador,550,NULL,NULL,NULL,Nuevo
"Don Quijote de la Mancha","Miguel de Cervantes",Libertador,1000,NULL,NULL,NULL,Nuevo
1984,"George Orwell","Arenal ",800,NULL,NULL,NULL,Nuevo
"Poema del Mío Cid",Anonimo,Gargola,800,NULL,NULL,NULL,Nuevo
"Cuento de navidad","Charles Dickens",Terramar,700,NULL,NULL,NULL,Nuevo
"El diablo en la botella","Robert L. Stevenson",Terramar,700,NULL,NULL,NULL,Nuevo
"Otra vuelta de tuerca","Henry James",Terramar,700,NULL,NULL,NULL,Nuevo
"Historias fantasticas","Adolfo Bioy Casares","La Nacion",650,NULL,NULL,NULL,Nuevo
"Historia de la eternidad","Jorge Luis Borges","La Nacion",700,NULL,NULL,NULL,Nuevo
"Historia universal de la infamia","Jorge Luis Borges","La Nacion",NULL,NULL,NULL,NULL,Nuevo
"Rebelion en la granja","George Orwell","Arenal ",800,NULL,NULL,NULL,Nuevo
Siddharta,"Hermann Hesse",Arenal,600,NULL,NULL,NULL,Nuevo
"El matadero - La cautiva","Esteban Echeverria",Gradifco,550,NULL,NULL,NULL,Nuevo
"Tragedias completas",Esquilo,Gradifco,750,NULL,NULL,NULL,Nuevo
"Tragedias completas",Sofocles,Gradifco,750,NULL,NULL,NULL,Nuevo
"El diccionario del diablo","Ambrose Bierce",Gradifco,600,NULL,NULL,NULL,Nuevo
Facundo,"Domingo F. Sarmiento",Gradifco,550,NULL,NULL,NULL,Nuevo
"Filosofia en el tocador","Marques de Sade",Gradifco,650,NULL,NULL,NULL,Nuevo
"Juan Moreira","Eduardo Gutierrez",Gradifco,550,NULL,NULL,NULL,Nuevo
"La casa de Bernarda Alba","Federico G. Lorca",Gradifco,550,NULL,NULL,NULL,Nuevo
"La Illiada",Homero,Gradifco,750,NULL,NULL,NULL,Nuevo
"Los lanzallamas","Roberto Arlt",Gradifco,550,NULL,NULL,NULL,Nuevo
"Una temporada en el infierno","Arthur Rimbaud",Gradifco,550,NULL,NULL,NULL,Nuevo
"Poema del Mio Cid",Anonimo,Gradifco,600,NULL,NULL,NULL,Nuevo
"El misterio del cuarto amarillo",Leroux,Gradifco,650,NULL,NULL,NULL,Nuevo
"Lazarillo de Tormes",Anonimo,Longseller,700,NULL,NULL,NULL,Nuevo
"Lazarillo de Tormes",Anonimo,Colihue,500,NULL,NULL,NULL,Usado
"El fantasma de Canterville","Oscar Wilde",Pluton,650,NULL,NULL,NULL,Nuevo
"La divina comedia","Dante Alighieri",Pluton,1300,NULL,NULL,NULL,Nuevo
"El libro de la selva ","Rudyard Kipling",Pluton,650,NULL,NULL,NULL,Nuevo
"Prometeo encadenado - Los persas","Esquilo ",Longseller,600,NULL,NULL,NULL,Nuevo
"El anticristo","Friedrich Nietzsche",Gradifco,600,NULL,NULL,NULL,Nuevo
"Asi hablo Zaratustra","Friedrich Nietzsche",Gradifco,600,NULL,NULL,NULL,Nuevo
Aurora,"Friedrich Nietzsche",Gradifco,600,NULL,NULL,NULL,Nuevo
"Ecce homo","Friedrich Nietzsche",Gradifco,600,NULL,NULL,NULL,Nuevo
"El caminante y su sombra","Friedrich Nietzsche",Gradifco,600,NULL,NULL,NULL,Nuevo
"El ocaso de los idolos","Friedrich Nietzsche",Gradifco,600,NULL,NULL,NULL,Nuevo
"El origen de la tragedia","Friedrich Nietzsche",Gradifco,600,NULL,NULL,NULL,Nuevo
"Humano, demasiado humano","Friedrich Nietzsche",Gradifco,600,NULL,NULL,NULL,Nuevo
"La gaya ciencia","Friedrich Nietzsche",Gradifco,600,NULL,NULL,NULL,Nuevo
"La genealogia de la moral","Friedrich Nietzsche",Gradifco,600,NULL,NULL,NULL,Nuevo
"Mas alla del bien y del mal","Friedrich Nietzsche",Gradifco,600,NULL,NULL,NULL,Nuevo
"El fin de la infancia","Arthur C. Clarke",Minotauro,900,NULL,NULL,NULL,Nuevo
"El hombre ilustrado","Ray Bradbury",Minotauro,900,NULL,NULL,NULL,Nuevo
"La mano izquierda de la oscuridad","Ursula K. Le Guin",Minotauro,900,NULL,NULL,NULL,Nuevo
"Un mundo feliz","Aldous Huxley",Arenal,800,NULL,NULL,NULL,Nuevo
"El señor de las moscas","William Golding",Arenal,800,NULL,NULL,NULL,Nuevo
"El diario de Ana Frank","Ana Frank",Agebe,750,NULL,NULL,NULL,Nuevo
Curame,"Lorena Pronsky","Hojas del sur",1800,NULL,NULL,NULL,Nuevo
"No amaras","Lorena Pronsky",Vergara,2200,NULL,NULL,NULL,Nuevo
"Polaris y otros relatos","H. P. Lovecraft",Tolemia,650,NULL,NULL,NULL,Nuevo
"Del mas alla y otros relatos","H. P. Lovecraft",Tolemia,650,NULL,NULL,NULL,Nuevo
"Herbert West, resucitador","H. P. Lovecraft",Tolemia,650,NULL,NULL,NULL,Nuevo
"La casa maldita y otros relatos","H. P. Lovecraft",Tolemia,650,NULL,NULL,NULL,Nuevo
"El devorador de fantasmas","H. P. Lovecraft",Tolemia,650,NULL,NULL,NULL,Nuevo
"En las montañas de la locura","H. P. Lovecraft",Tolemia,650,NULL,NULL,NULL,Nuevo
"El lazo de la medusa","H. P. Lovecraft",Tolemia,650,NULL,NULL,NULL,Nuevo
"El caso de Charles Ward","H. P. Lovecraft",Tolemia,650,NULL,NULL,NULL,Nuevo
"La sombra sobre Innsmouh","H. P. Lovecraft",Tolemia,650,NULL,NULL,NULL,Nuevo
"La virgen de los sicarios","Fernando Vallejos",Octaedro,600,NULL,NULL,NULL,Nuevo
"Fahrenheit 451","Ray Bradbury",Octaedro,600,NULL,NULL,NULL,Nuevo
"La exhibicion de las atrocidades","J. G. Ballard",Octaedro,600,NULL,NULL,NULL,Nuevo
"La mascara de la muerte roja","Edgar Allan Poe",Dama,550,NULL,NULL,NULL,Nuevo
"En la colonia penitenciaria","Franz Kafka",Dama,550,NULL,NULL,NULL,Nuevo
"Edgar Allan Poe 1809 - 1849","Edgar Allan Poe",Batiscafo,500,NULL,NULL,NULL,Nuevo
"El diario de Ana Frank","Ana Frank",Edicol,750,NULL,NULL,NULL,Nuevo
"El demonio y la srita. Prym","Paulo Coehlo ","La Nacion",550,NULL,NULL,NULL,Usado
"El libro de las revelaciones","Mario Mendoza",Planeta,800,NULL,NULL,NULL,Nuevo
Frankenstein,"Mary Shelley",Agebe,800,NULL,NULL,NULL,Nuevo
"Sobre el amor y la muerte","Patrick Suskind","Seix Barrial",1800,NULL,NULL,NULL,Nuevo
"La importancia de llamarse Ernesto","Oscar Wilde",Mawis,400,NULL,NULL,NULL,Nuevo
"La Eneida",Virgilio,Fontana,550,NULL,NULL,NULL,Nuevo
"Los Cuadernos De Don Rigoberto","Mario Vagas Llosa",Alfaguara,1000,NULL,NULL,NULL,Nuevo
"Monologos de la vagina","Eve Ensler",Planeta,700,NULL,NULL,NULL,Usado
"Cuentos de amor, de locura y de muerte","Horacio Quiroga",Agebe,650,NULL,NULL,NULL,Nuevo
Yerma,"Federico G. Lorca",Agebe,600,NULL,NULL,NULL,Nuevo
"Autobiografia sucinta","Witold Gombrowicz",Anagrama,650,NULL,NULL,NULL,Nuevo
Bonsai,"Alejandro Zambra",Anagrama,650,NULL,NULL,NULL,Nuevo
"Catedral y otros cuentos","Raymond Carver",Anagrama,650,NULL,NULL,NULL,Nuevo
"Damas chinas","Mario Bellatin",Anagrama,650,NULL,NULL,NULL,Nuevo
Duo,Colette,Anagrama,650,NULL,NULL,NULL,Nuevo
"El hombre que confundio a su mujer …","Oliver Sacks",Anagrama,650,NULL,NULL,NULL,Nuevo
"El perdedor radical","Hans Magnus Enzensberger",Anagrama,650,NULL,NULL,NULL,Nuevo
"Escritos sobre la cocaina","Sigmund Freud",Anagrama,650,NULL,NULL,NULL,Nuevo
"Historia del llanto","Alan Pauls",Anagrama,650,NULL,NULL,NULL,Nuevo
Humo,"Djuna Barnes",Anagrama,650,NULL,NULL,NULL,Nuevo
"La dominacion masculina y otros ensayos","Pierre Bourdieu",Anagrama,650,NULL,NULL,NULL,Nuevo
"La guerra del futbol","Ryszard Kapuscinski",Anagrama,650,NULL,NULL,NULL,Nuevo
"La izquierda divina","Jean Baudrillard",Anagrama,650,NULL,NULL,NULL,Nuevo
"Cuentos de la selva","Horacio Quiroga",Agebe,650,NULL,NULL,NULL,Nuevo
"La mesa limon y otros cuentos","Julian Barnes",Anagrama,650,NULL,NULL,NULL,Nuevo
"La universidad desconocida","Roberto Bolaño",Anagrama,650,NULL,NULL,NULL,Nuevo
"Las cartas de Groucho","Groucho Marx",Anagrama,650,NULL,NULL,NULL,Nuevo
"Las decadas purpuras","Tom Wolfe",Anagrama,650,NULL,NULL,NULL,Nuevo
"Los ultimos 3 dias de Fernando Pessoa","Antonio Tabucchi",Anagrama,650,NULL,NULL,NULL,Nuevo
"Mi hermosa lavanderia","Sam Shepard",Anagrama,650,NULL,NULL,NULL,Nuevo
"Nietzsche, Marx, Freud","Michel Foucault",Anagrama,650,NULL,NULL,NULL,Nuevo
"Placeres sencillos","Jane Bowles",Anagrama,650,NULL,NULL,NULL,Nuevo
"Prision perpetua","Ricardo Piglia",Anagrama,650,NULL,NULL,NULL,Nuevo
"Relatos de lo inesperado","Roald Dahl",Anagrama,650,NULL,NULL,NULL,Nuevo
Si,"Thomas Bernhard",Anagrama,650,NULL,NULL,NULL,Nuevo
"Sobre la historia natural de la destruccion","W. G. Sebald",Anagrama,650,NULL,NULL,NULL,Nuevo
"El gran sueño del paraiso","Sam Shepard",Anagrama,650,NULL,NULL,NULL,Nuevo
Varamo,"César Aira",Anagrama,650,NULL,NULL,NULL,Nuevo
"Virginia Woolf ataca de nuevo",Copi,Anagrama,650,NULL,NULL,NULL,Nuevo
"Visitando a Mr. Nabokov","Martin Amis",Anagrama,650,NULL,NULL,NULL,Nuevo
"Don Segundo Sombra","Ricardo Guiraldes",Clarin,500,NULL,NULL,NULL,Usado
"El aleph","Jorge Luis Borges",Clarin,500,NULL,NULL,NULL,Usado
"El casamiento de Laucha","Roberto J. Payro",Clarin,500,NULL,NULL,NULL,Usado
"El matadero y otros escritos","Esteban Echeverria",Clarin,500,NULL,NULL,NULL,Usado
Fausto,"Estanislao Del Campo",Clarin,500,NULL,NULL,NULL,Usado
Juvenilia,"Miguel Cane",Clarin,500,NULL,NULL,NULL,Usado
"Los siete locos","Roberto Arlt",Clarin,500,NULL,NULL,NULL,Usado
Rimas,"Gustavo A. Becquer",Cronica,450,NULL,NULL,NULL,Usado
"El candor del padre Brown 1 - 2","G. K. Chesterton","Pagina 12",450,NULL,NULL,NULL,Usado
"El decameron 1 - 2",Boccaccio,"Pagina 12",450,NULL,NULL,NULL,Usado
"El hombre que corrompio Hadleyburg","Mark Twain",Cronica,450,NULL,NULL,NULL,Usado
"El hombre que fue jueves","G. K. Chesterton",Cronica,450,NULL,NULL,NULL,Usado
"El mandarin","Jose M. Eca de Queiroz",Cronica,450,NULL,NULL,NULL,Usado
"El principe","Niccolo Machiavelli",Cronica,450,NULL,NULL,NULL,Usado
"El yaci-yatere","Horacio Quiroga","Pagina 12",450,NULL,NULL,NULL,Usado
"La gran aldea","Lucio Vicente Lopez",Cronica,450,NULL,NULL,NULL,Usado
"La muerte de Ivan Illich","Leon Tolstoi",Cronica,450,NULL,NULL,NULL,Usado
"La sombra fuera del espacio","H. P. Lovecraft","Pagina 12",450,NULL,NULL,NULL,Usado
"Los evangelios","Mateo Marcos Lucas Juan",Cronica,450,NULL,NULL,NULL,Usado
"Otra vuelta de tuerca","Henry James",Cronica,450,NULL,NULL,NULL,Usado
"Seis personajes en busca de autor","Luigi Pirandello",Cronica,450,NULL,NULL,NULL,Usado
"Vanina Vanini",Stendhal,"Pagina 12",450,NULL,NULL,NULL,Usado
"Billy Bud, marinero","Hermann Melville","Pagina 12",450,NULL,NULL,NULL,Usado
"Doña Rosita la soltera ","Federico G. Lorca","Pagina 12",450,NULL,NULL,NULL,Usado
"Cuentos de pago chico","Roberto Payro",Cronica,450,NULL,NULL,NULL,Usado
Candido,Voltaire,Cronica,450,NULL,NULL,NULL,Usado
"El duelo","Joseph Conrad","Diario Popular",450,NULL,NULL,NULL,Usado
"La luna roja","Roberto Arlt","Diario Popular",450,NULL,NULL,NULL,Usado
Diablo,"Jack London","Diario Popular",450,NULL,NULL,NULL,Usado
"Los elefantes pueden recordar","Agatha Christie",Molino,550,NULL,NULL,NULL,Usado
"Srita. Marple y 13 problemas","Agatha Christie",Molino,550,NULL,NULL,NULL,Usado
"Los arboles mueren de pie","Alejandro Casona",Losada,300,NULL,NULL,NULL,Usado
"Vicente y la musica de las cosas","Maryse Pelletier",Cantaro,550,NULL,NULL,NULL,Usado
"Cuentos - Oscar Wilde","Oscar Wilde","Grupo Norma",500,NULL,NULL,NULL,Usado
"12 cuentos extraños","Osvaldo Svanascini",///,500,NULL,NULL,NULL,Usado
"27 cuentos del norte argentino","Autores varios",Ateneas,800,NULL,NULL,NULL,Usado
"Antologia cuentos seleccionados","Salta - Jujuy - Catamarca","F. Banco Noroeste",400,NULL,NULL,NULL,Usado
"Cuentos argentinos del siglo XX","Antología de Susana I. Rovere",Huemul,500,NULL,NULL,NULL,Usado
"Cuentos para seguir creciendo","Compilador Mempo Giardinelli",Eueba,300,NULL,NULL,NULL,Usado
"Antologia 1998",///,"Grupo Editor Sur",500,NULL,NULL,NULL,Usado
"Bajo un solo techo",///,///,NULL,NULL,NULL,NULL,Usado
"Poesia y prosa","Baldomero Fernández Moreno",Capitulo,400,NULL,NULL,NULL,Usado
"Rimas y Leyendas","Gustavo A. Becquer","Siete dias",450,NULL,NULL,NULL,Usado
"Cordoba y sus sierras","Fernandez Moreno",Kapeluz,NULL,NULL,NULL,NULL,Usado
Fausto,"Estanislao Del Campo",Abril,400,NULL,NULL,NULL,Usado
Iluminaciones,"Arthur Rimbaud",Colihue,600,NULL,NULL,NULL,Nuevo
"Juglares de hoy","Varios Autores",Cantaro,400,NULL,NULL,NULL,Usado
"La poesia argentina","Lugores - Fernandez - Molinari ",Capitulo,400,NULL,NULL,NULL,Usado
"Lorca Antologia","Federico G. Lorca",Losada,400,NULL,NULL,NULL,Usado
"Martin Fierro - Parte 2","Jose Hernandez",Abril,400,NULL,NULL,NULL,Usado
"Me fui de vos","Sussy Efron",///,450,NULL,NULL,NULL,Usado
"Canto general","Pablo Neruda",Debolsillo,800,NULL,NULL,NULL,Nuevo
"Ochenta sonetos y otros poemas","Domingo Arabia",///,350,NULL,NULL,NULL,Usado
"Otro poema desaparecido","Damian San Martin",Noutse,800,NULL,NULL,NULL,Usado
"Piojos en el alma","Damian San Martin",///,500,NULL,NULL,NULL,Usado
"Poesia siempre","Graciela Komerovsky",Troquel,NULL,NULL,NULL,NULL,Usado
"Por la patria y por lo nuestro","Roberto Coppari",///,400,NULL,NULL,NULL,Usado
"Sueños cimarrones","Roberto Coppari",///,400,NULL,NULL,NULL,Usado
"Abel Sanchez","Miguel de Unamuno",Austral,400,NULL,NULL,NULL,Usado
"Miguel de Unamuno ","Poesia completa","Alianza tres",900,NULL,NULL,NULL,Usado
"La poesia Universal","Aquilino Sanchez",///,NULL,NULL,NULL,NULL,Usado
Desgracia,"J. M. Coetzee","Random House",600,NULL,NULL,NULL,Usado
"El inmoralista","André Gide","Random House",600,NULL,NULL,NULL,Usado
"La pianista","Elfriede Jelinek","Random House",600,NULL,NULL,NULL,Usado
"Momentos literarios","V.S. Naipaul","Random House",600,NULL,NULL,NULL,Usado
"Mas alla del olvido","Patrick Modiano","Random House",600,NULL,NULL,NULL,Usado
"Sueños: cómo interpretar sus mensajes","Alejandro Parra"," Kier",550,NULL,NULL,NULL,Usado
"Nuevo diccionario de sueños","Rodolfo Cardozo"," Lea",550,NULL,NULL,NULL,Usado
"Qué mensajes me dan los sueños","/// ",Clarin,450,NULL,NULL,NULL,Usado
"Invoca a tu angel","Susana Woods","Del Club",600,NULL,NULL,NULL,Usado
"Manual de numerología","Danny Martinez",Andromeda,600,NULL,NULL,NULL,Usado
"Como un hombre piensa la vida","James Alen",Obelisco,NULL,NULL,NULL,NULL,Usado
Urania,"Le Clezio Jean Marie","El cuenco de Plata",600,NULL,NULL,NULL,Nuevo
"Antígona - Edipo rey - Electra - Edipo en Colono",Sofocles,Planeta,800,NULL,NULL,NULL,Usado
"Yo, el peor de todos","Jorge Rial",Planeta,600,NULL,NULL,NULL,Usado
Periplo,"Juan Fillioy",///,600,NULL,NULL,NULL,Nuevo
"El secreto mas grande del mundo","OG Mandino",Vergara,700,NULL,NULL,NULL,Usado
"El nombre de la rosa","Umberto Eco",RBA,1300,NULL,NULL,NULL,Usado
"Los amotinados del Bounty","Julio Verne","Andrés Bello",650,NULL,NULL,NULL,Nuevo
"Narnia: La silla de plata","C. S. Lewis",Destino,1400,NULL,NULL,NULL,Usado
"Narnia: La travesía del viajero del alba","C. S. Lewis",Destino,1400,NULL,NULL,NULL,Usado
"Narnia: El caballo y el muchacho","C. S. Lewis",Destino,1400,NULL,NULL,NULL,Usado
"El síndrome de Anastasia y otros relatos","Mary Higgins Clark","Plaza & James",550,NULL,NULL,NULL,Usado
"Mi querida Sunday","Mary Higgins Clark","Plaza & James",550,NULL,NULL,NULL,Usado
"La estrella robada","Mary Higgins Clark","Plaza & James",NULL,NULL,NULL,NULL,Usado
"Gracias por el fuego","Mario Benedetti",Alfa,600,NULL,NULL,NULL,Usado
"Muerte de un forense","P. D. James",Prosa,550,NULL,NULL,NULL,Usado
"La madre","Pearl S. Buck","Plaza & James",550,NULL,NULL,NULL,Usado
Reencuentro,"Anne Rivers Siddons",Emece,550,NULL,NULL,NULL,Usado
"Gente legal","Lisa Scottoline",Mondadori,550,NULL,NULL,NULL,Usado
"Un pequeño detalle","Jessica Barksdale Inclán",Vergara,600,NULL,NULL,NULL,Usado
"Robo para la corona","Horacio Verbitsky",Planeta,650,NULL,NULL,NULL,Usado
"Flores en la lluvia","Rosamunde Pilcher",Emece,550,NULL,NULL,NULL,Usado
"Retrato de familia","Barbara Delinsky",Emece,650,NULL,NULL,NULL,Usado
"Ella es tan dulce","Susan Elizabeth Phillips",Vergara,650,NULL,NULL,NULL,Usado
"Adicta al trabajo","Julia London",Esencia,650,NULL,NULL,NULL,Usado
"El trono codiciado","Víctoria Holt",Planeta,550,NULL,NULL,NULL,Usado
Frivolidad,"Juan Forn",Planeta,800,NULL,NULL,NULL,Usado
"La prostituta de Pentecost Alley","Anne Perry","Plaza & James",600,NULL,NULL,NULL,Usado
"No hay un amor más grande","Danielle Steel",Debolsillo,NULL,NULL,NULL,NULL,Usado
"Cuando late un corazón","Danielle Steel",Sudamericana,550,NULL,NULL,NULL,Usado
"Pacto de sangre","James Cain",Emece,650,NULL,NULL,NULL,Nuevo
"La casa de Bernarda Alba","Federico G. Lorca",Agebe,600,NULL,NULL,NULL,Nuevo
"Una extraña pena de amor","Madeleine Chapsal",Atlantida,550,NULL,NULL,NULL,Usado
"La luna del cazador","Victoria Holt",Grijalbo,550,NULL,NULL,NULL,Usado
"El cisne","Gudbergur Bergsson",TusQuets,2300,NULL,NULL,NULL,Nuevo
"Amarse con los ojos abiertos","Jorge Bucay - Silvia Salinas","Del nuevo extremo",700,NULL,NULL,NULL,Usado
"Las fotografías de la muerte","James Hadley Chase",Emece,550,NULL,NULL,NULL,Usado
"El coleccionista","John Fowles",Orbis,800,NULL,NULL,NULL,Usado
"Fuego en Casabindo","Héctor Tizon","La Nacion",750,NULL,NULL,NULL,Nuevo
"El ruido y la furia","William Faulkner","La Nacion",700,NULL,NULL,NULL,Nuevo
"El país de la canela","William Ospina",Mondadori,4500,NULL,NULL,NULL,Nuevo
"La serpiente sin ojos","William Ospina",Mondadori,4500,NULL,NULL,NULL,Nuevo
Ursúa,"William Ospina",Mondadori,4500,NULL,NULL,NULL,Nuevo
"La mitad fantasma","Alan Pauls","Random House",2500,NULL,NULL,NULL,Nuevo
"La casa de la mezquita","Kader Abdolah",Salamandra,1300,NULL,NULL,NULL,Nuevo
"La mujer en la luna","Milena Agus",Edhasa,1800,NULL,NULL,NULL,Nuevo
"El consentimiento","Vanessa Springora",Lumen,1700,NULL,NULL,NULL,Nuevo
"Salvar el fuego","Guillermo Arriaga",Alfaguara,4500,NULL,NULL,NULL,Nuevo
"La buena suerte","Rosa Montero",Alfaguara,3000,NULL,NULL,NULL,Nuevo
"El valle del asombro","Amy Tan",Planeta,1200,NULL,NULL,NULL,Nuevo
Gemelas,"Tessa de Loo","Lado B",800,NULL,NULL,NULL,Nuevo
"La amiga estupenda","Elena Ferrante",Lumen,3000,NULL,NULL,NULL,Nuevo
"Antes de decir adiós","Susan Spencer Wendel",Oceano,1200,NULL,NULL,NULL,Nuevo
"Los hombres son de Marte, las mujeres de Venus","John Fray",Oceano,650,NULL,NULL,NULL,Usado
"Shangai baby","We Hui","Emece ",650,NULL,NULL,NULL,Usado
"Un asunto incómodo","David Ignatius",Grijalbo,650,NULL,NULL,NULL,Usado
"Mirada de mujer","Romero - Agudelo","Plaza & Janes",650,NULL,NULL,NULL,Usado
"El capricho de los dioses","Sidney Sheldon","Emece ",650,NULL,NULL,NULL,Usado
"Las purpurinas","Luis Bacigalupo","Ultimo reino",400,NULL,NULL,NULL,Usado
Venezia,"Gabriela Liffschitz","Ultimo reino",400,NULL,NULL,NULL,Usado
Copyright,"Juan Carlos Martini Real","De Belgrano",450,NULL,NULL,NULL,Usado
"Una realidad aparte","Carlos Castaneda",///,600,NULL,NULL,NULL,Usado
"El pueblo del aire","Poul Anderson",Brugera,550,NULL,NULL,NULL,Usado
Tormento,"Benito Perez Galdos",Alianza,450,NULL,NULL,NULL,Usado
"La tercera mañana","Edgardo Cozarinsky",TusQuets,600,NULL,NULL,NULL,Usado
Sudeste,"Haroldo Conti","Tinta fresca",400,NULL,NULL,NULL,Usado
"El diario de mi abuela","Lucia Galvez","Punto de lectura",650,NULL,NULL,NULL,Usado
"Trafico de sueños","Raul Urtizberea","Grupo Editor L",500,NULL,NULL,NULL,Usado
"Presagio de carnaval","Liliana Bodoc",Norma,600,NULL,NULL,NULL,Usado
"Un poco invisible","Marcelo Birmajer",Norma,500,NULL,NULL,NULL,Usado
"La vuelta al hogar","Belva Plain","Emece ",600,NULL,NULL,NULL,Usado
"La casa solariega","Enrique Sienkiewicz",///,400,NULL,NULL,NULL,Usado
"Remedio amargo","Arthur Hailey","Emece ",450,NULL,NULL,NULL,Usado
"El despertar","Jude Deveraux","Pocket Books",550,NULL,NULL,NULL,Usado
"Amor de mi vida","Guy Des Cars",///,450,NULL,NULL,NULL,Usado
"El cazador furtivo","René Fallet","Emece ",400,NULL,NULL,NULL,Usado
"Memorias del presente","Rodolfo H. Terragno",Legasa,400,NULL,NULL,NULL,Usado
Misericordia,"Benito Perez Galdos",Huemul,450,NULL,NULL,NULL,Usado
"Vamos a calentar el sol","Jose Mauro de Vasconcelos","El Ateneo",750,NULL,NULL,NULL,Nuevo
"Nunca seré un superhéroe","Antonio Santa Ana",Norma,650,NULL,NULL,NULL,Usado
"Guerra del tiempo","Alejo Carpentier",Alianza,400,NULL,NULL,NULL,Usado
Títeres,"Beatriz Amutio"," Paginas Bonaerenses",550,NULL,NULL,NULL,Usado
"La mascota","JP Miller","Emece ",500,NULL,NULL,NULL,Usado
"La hoja roja","Miguel Delibes","Argos Vergara",600,NULL,NULL,NULL,Usado
"Bicicletas negras","Carlos Maria Dominguez","/// ",450,NULL,NULL,NULL,Usado
"El poder y la gloria","Graham Greene","Emece ",500,NULL,NULL,NULL,Usado
"El vicario de Wakefield","Oliver Goldsmith",///,450,NULL,NULL,NULL,Usado
"La sirena varada","Alejandro Casona",///,450,NULL,NULL,NULL,Usado
"El cardenal","Henry Morton Robinson",Planeta,500,NULL,NULL,NULL,Usado
"Historia de mi vida","Jorge Sand",Fabril,500,NULL,NULL,NULL,Usado
"La celestina","Fernando de Rojas",Longseller,600,NULL,NULL,NULL,Usado
"El manual del Mesías","Richard Bach",Vergara,800,NULL,NULL,NULL,Usado
"La casa olvidada","Choly Berreteaga",Atlantida,750,NULL,NULL,NULL,Usado
Marianela,"Benito Perez Galdos",Sopena,400,NULL,NULL,NULL,Usado
"Breves historias sobre el mar y el río","Carmen Rossi",P.A.N,300,NULL,NULL,NULL,Usado
"Verde oscuridad","Anya Seton","Emece ",600,NULL,NULL,NULL,Usado
"Obras Inmortales",D'annunzio, E.D.A.F,NULL,NULL,NULL,NULL,Usado
"Obras Inmortales","Oscar Wilde", E.D.A.F,NULL,NULL,NULL,NULL,Usado
"Obras Inmortales",Moliere, E.D.A.F,NULL,NULL,NULL,NULL,Usado
"Obras Inmortales","Guy De Maupassant", E.D.A.F,NULL,NULL,NULL,NULL,Usado
"Obras Inmortales","Eça De Queiroz", E.D.A.F,NULL,NULL,NULL,NULL,Usado
"Obras Inmortales","Victor Hugo", E.D.A.F,NULL,NULL,NULL,NULL,Usado
"Obras Inmortales","Anton Chejov", E.D.A.F,NULL,NULL,NULL,NULL,Usado
"Obras Inmortales",Stendhal, E.D.A.F,NULL,NULL,NULL,NULL,Usado
"Obras Inmortales","León Tolstoi", E.D.A.F,NULL,NULL,NULL,NULL,Usado
"Obras Inmortales","Honorato de Balzac", E.D.A.F,NULL,NULL,NULL,NULL,Usado
"Obras Inmortales","William Shakespeare", E.D.A.F,NULL,NULL,NULL,NULL,Usado
"Obras Inmortales","Máximo Gorki", E.D.A.F,NULL,NULL,NULL,NULL,Usado
"Alhajas sencillas","R. W. Stevens",Kapeluz,450,NULL,NULL,NULL,Usado
"Enciclopedia de bordado y tapiceria",///,///,450,NULL,NULL,NULL,Usado
"Enciclopedia de estilos decorativos",///,///,450,NULL,NULL,NULL,Usado
"Labores con perlas y cuentas de cristal",///,Kapeluz,450,NULL,NULL,NULL,Usado
"Paja y rafia","100 ideas",///,450,NULL,NULL,NULL,Usado
"Regalos para papa","Ursula Kuhnemann",///,450,NULL,NULL,NULL,Usado
"Trabajos en corcho","100 ideas",///,450,NULL,NULL,NULL,Usado
"Como se cuenta un cuento","Gabriel G. Marquez",Sudamericana,NULL,NULL,NULL,NULL,NULL
"De America y Europa 1","Gabriel G. Marquez",Sudamericana,NULL,NULL,NULL,NULL,NULL
"De America y Europa 2","Gabriel G. Marquez",Sudamericana,NULL,NULL,NULL,NULL,NULL
"El amor en tiempos de colera","Gabriel G. Marquez",Sudamericana,NULL,NULL,NULL,NULL,NULL
"El general en su laberinto","Gabriel G. Marquez",Sudamericana,NULL,NULL,NULL,NULL,NULL
"El otoño del patriarca","Gabriel G. Marquez",Sudamericana,NULL,NULL,NULL,NULL,NULL
"Entre cachacos 1","Gabriel G. Marquez",Sudamericana,NULL,NULL,NULL,NULL,NULL
"La aventura de Miguel","Gabriel G. Marquez",Sudamericana,NULL,NULL,NULL,NULL,NULL
"La bendita mania de contar","Gabriel G. Marquez",Sudamericana,NULL,NULL,NULL,NULL,NULL
"La increible historia","Gabriel G. Marquez",Sudamericana,NULL,NULL,NULL,NULL,NULL
"Entre cachacos 2","Gabriel G. Marquez",Sudamericana,NULL,NULL,NULL,NULL,NULL
"Los funerales de la mama grande","Gabriel G. Marquez",Sudamericana,NULL,NULL,NULL,NULL,NULL
"Memoria de mis putas tristes","Gabriel G. Marquez",Sudamericana,NULL,NULL,NULL,NULL,NULL
"Notas de prensa 1","Gabriel G. Marquez",Sudamericana,NULL,NULL,NULL,NULL,NULL
"Notas de prensa 2","Gabriel G. Marquez",Sudamericana,NULL,NULL,NULL,NULL,NULL
"Noticia de un secuestro","Gabriel G. Marquez",Sudamericana,NULL,NULL,NULL,NULL,NULL
"Textos costeños 1","Gabriel G. Marquez",Sudamericana,NULL,NULL,NULL,NULL,NULL
"Textos costeños 2","Gabriel G. Marquez",Sudamericana,NULL,NULL,NULL,NULL,NULL
"Vivir para contarla 1","Gabriel G. Marquez",Sudamericana,NULL,NULL,NULL,NULL,NULL
"Vivir para contarla 2","Gabriel G. Marquez",Sudamericana,NULL,NULL,NULL,NULL,NULL
"El extraño caso de Dr. Jekyll & Mr. Hyde","Robert Stevenson",Agebe,600,NULL,NULL,NULL,"Nuevo "
"Alicia en el pais de las maravillas","Lewis Caroll",Agebe,700,NULL,NULL,NULL,"Nuevo "
"Alicia a través del espejo","Lewis Caroll",Agebe,700,NULL,NULL,NULL,"Nuevo "
"Martin Fierro","Jose Hernandez",Emece,750,NULL,NULL,NULL,Usado
"Juicio y castigo","Alfredo Leuco",Sudamericana,1500,NULL,NULL,NULL,"Usado "
"La metamorfosis","Franz Kafka",M4,700,NULL,NULL,NULL,Nuevo
"La voragine","Jose Eustasio Rivera",Fontana,650,NULL,NULL,NULL,Nuevo
"Madame Bovary","Gustave Flaubert",Gradifco,700,NULL,NULL,NULL,Nuevo
"Robinson Crusoe","Daniel Defoe",NULL,700,NULL,NULL,NULL,Nuevo
Sidi,"Arturo Perez - Reverte",Sudamericana,3400,NULL,NULL,NULL,Nuevo
"Un mundo feliz","Aldous Huxley",Lucemar,700,NULL,NULL,NULL,Nuevo
"Lazos de amor","Brian Weiss",NULL,700,NULL,NULL,NULL,Usado
Conciencia,Osho,Sudamericana,700,NULL,NULL,NULL,Usado
"Alicia 1-2","Lewis Caroll",Pluton,2000,NULL,NULL,NULL,Nuevo
"Selección de cuentos","Hermanos Grimm",Fontana,800,NULL,NULL,NULL,Nuevo
"Selección de cuentos","Christian Andersen",Fontana,800,NULL,NULL,NULL,Nuevo
Dracula,"Bram Stoker",Fontana,850,NULL,NULL,NULL,Nuevo
"El retrato de Dorian Gray","Osca Wilde",Fontana,650,NULL,NULL,NULL,Nuevo
"Cuentos de amor, de locura y de muerte","Horacio Quiroga",Fontana,650,NULL,NULL,NULL,Nuevo
"El principito","Antoine de Saint-Exupéry","El gato de hojalata",850,NULL,NULL,NULL,Nuevo
"Edipo rey, Edipo en Colono y Antígona",Sofocles,Pluton,750,NULL,NULL,NULL,Nuevo
"La pluralidad de mundos habitados","Camilo Flammarión",///,NULL,NULL,NULL,NULL,Usado
"Lo desconocido y los problemas psíquicos","Camilo Flammarión",///,NULL,NULL,NULL,NULL,Usado
"Les fleurs du mal","Charles Baudelaire",///,NULL,NULL,NULL,NULL,Usado
"El fin del mundo","Camilo Flammarión",///,NULL,NULL,NULL,NULL,Usado
"Para Ellas - Colección de Novelitas y Cuentos","Adela Sánchez C. de Escobar","Montaner y Simón",NULL,NULL,NULL,NULL,Usado
"Nuevo método de lectura expresiva","José H. Figueira","Cabaut y Cía.",NULL,NULL,NULL,NULL,Usado
"Historia de Gil Blas de Santillana",Lesage,"Montaner y Simón",NULL,NULL,NULL,NULL,Usado
Psicología,"Juan M. Turon",///,NULL,NULL,NULL,NULL,Usado
"Memorias y autobiografía","Museo Histórico Nacional",///,NULL,NULL,NULL,NULL,Usado
"Historia de la literatura española","Jaime Fitzmaurice Kelly",///,NULL,NULL,NULL,NULL,Usado
"Gramática filosófica de la lectura castellana","Eduardo Benot",///,NULL,NULL,NULL,NULL,Usado
"El federalismo argentino","Francisco Ramos Mejía",///,NULL,NULL,NULL,NULL,Usado
"Aritmética intuitiva y geometría","C. Champy Alvear",Estrada,NULL,NULL,NULL,NULL,Usado
"El criador de gorilas","Roberto Arlt",Futura,NULL,NULL,NULL,NULL,Usado
"Nociones de instrucción cívica","A. Condomi Alcorta","Cabaut y Cía",NULL,NULL,NULL,NULL,Usado
"Enseñanza práctica de la composición ","Juana Caso de Sedano Acosta",///,NULL,NULL,NULL,NULL,Usado
"Curso práctico de concentración mental","Ernesto Wood",///,NULL,NULL,NULL,NULL,Usado
"El mecanismo de la vida económica","Octavio Morató",///,NULL,NULL,NULL,NULL,Usado
Molloy,"Samuel Beckett",///,NULL,NULL,NULL,NULL,Usado
"El cuaderno negro","Lawrence Durrell",///,NULL,NULL,NULL,NULL,Usado
"La hermosa vida","Jorge Capelo",Sur,NULL,NULL,NULL,NULL,Usado
"Lazos de sangre","Sidney Sheldon","Círculo de lectores",NULL,NULL,NULL,NULL,Usado
"Como un hombre piensa, así es su vida","James Allen",Obelisco,NULL,NULL,NULL,NULL,Usado
"Antología de lo sobrenatural",///,Bronte,NULL,NULL,NULL,NULL,Usado
Alquimia,"Titus Burckhardt","Plaza & James",NULL,NULL,NULL,NULL,Usado
"II Palazzo Ducale di Urbino","Carlo Bo",///,NULL,NULL,NULL,NULL,Nuevo
"Il Duomo e il Battistero di Firenze","Umberto Baldini",///,NULL,NULL,NULL,NULL,Nuevo
"Storia Della basílica di S. Nicola Di Bari","P. Gerardo Cioffari OP.",///,NULL,NULL,NULL,NULL,Usado
"Las cartas de San Pablo","Mons. Dr. Juan Straubinger",Aldi+Peuser,NULL,NULL,NULL,NULL,Usado
"Don Segundo Sombra","Ricardo Guiraldes",///,NULL,NULL,NULL,NULL,Usado
